Ligand,Binding Affinity,rmsd/ub, rmsd/lb
1ADS_Campestrol_uff_E=260.80,-8,0,0
1ADS_Campestrol_uff_E=260.80,-7.8,8.502,5.126
1ADS_Campestrol_uff_E=260.80,-7.7,6.785,2.561
1ADS_Campestrol_uff_E=260.80,-7.4,7.593,3.193
1ADS_Campestrol_uff_E=260.80,-7.3,7.347,3.091
1ADS_Campestrol_uff_E=260.80,-7.2,4.188,2.824
1ADS_Campestrol_uff_E=260.80,-7.1,9.367,5.325
1ADS_Campestrol_uff_E=260.80,-7,29.253,25.36
1ADS_Campestrol_uff_E=260.80,-6.7,5.957,3.734
1ADS_Khellin_uff_E=459.06,-7.1,0,0
1ADS_Khellin_uff_E=459.06,-7,5.721,3.088
1ADS_Khellin_uff_E=459.06,-6.9,3.884,1.27
1ADS_Khellin_uff_E=459.06,-6.9,4.342,1.511
1ADS_Khellin_uff_E=459.06,-6.7,4.458,0.989
1ADS_Khellin_uff_E=459.06,-6.7,4.288,1.439
1ADS_Khellin_uff_E=459.06,-6.6,4.457,1.299
1ADS_Khellin_uff_E=459.06,-6.5,5.887,1.208
1ADS_Khellin_uff_E=459.06,-5.9,5.8,2.563
1ADS_beta-sitosterol_uff_E=590.84,-10.6,0,0
1ADS_beta-sitosterol_uff_E=590.84,-9.7,4.948,2.534
1ADS_beta-sitosterol_uff_E=590.84,-9.7,2.777,1.416
1ADS_beta-sitosterol_uff_E=590.84,-9.2,9.987,3.365
1ADS_beta-sitosterol_uff_E=590.84,-9,5.745,3.57
1ADS_beta-sitosterol_uff_E=590.84,-8.8,10.063,3.399
1ADS_beta-sitosterol_uff_E=590.84,-8.3,8.979,5.992
1ADS_beta-sitosterol_uff_E=590.84,-8.2,9.41,5.011
1ADS_beta-sitosterol_uff_E=590.84,-8.2,5.728,4.146
1ADS_cholesterol_uff_E=547.91,-10.1,0,0
1ADS_cholesterol_uff_E=547.91,-9.5,2.812,1.235
1ADS_cholesterol_uff_E=547.91,-9.3,9.493,3.292
1ADS_cholesterol_uff_E=547.91,-9.3,4.632,3.066
1ADS_cholesterol_uff_E=547.91,-9,9.319,3.3
1ADS_cholesterol_uff_E=547.91,-8.8,5.84,4.118
1ADS_cholesterol_uff_E=547.91,-8.6,7.29,4.88
1ADS_cholesterol_uff_E=547.91,-8.5,4.555,3.233
1ADS_cholesterol_uff_E=547.91,-8.3,5.783,3.92
1ADS_deltonin_uff_E=1773.74,-10,0,0
1ADS_deltonin_uff_E=1773.74,-9,4.234,2.845
1ADS_deltonin_uff_E=1773.74,-9,5.225,2.548
1ADS_deltonin_uff_E=1773.74,-8.8,12.772,5.295
1ADS_deltonin_uff_E=1773.74,-8.8,3.255,2.663
1ADS_deltonin_uff_E=1773.74,-8.8,4.979,2.357
1ADS_deltonin_uff_E=1773.74,-8.7,12.566,6.085
1ADS_deltonin_uff_E=1773.74,-8.5,6.844,2.738
1ADS_deltonin_uff_E=1773.74,-8.3,14.789,6.186
1ADS_dioscin_uff_E=1958.90,-9.5,0,0
1ADS_dioscin_uff_E=1958.90,-9.4,10.693,6.353
1ADS_dioscin_uff_E=1958.90,-9.2,2.262,1.245
1ADS_dioscin_uff_E=1958.90,-9.1,3.35,1.803
1ADS_dioscin_uff_E=1958.90,-9,35.486,31.86
1ADS_dioscin_uff_E=1958.90,-8.9,2.833,1.684
1ADS_dioscin_uff_E=1958.90,-8.8,7.369,4.409
1ADS_dioscin_uff_E=1958.90,-8.8,7.022,4.144
1ADS_dioscin_uff_E=1958.90,-8.8,2.035,1.366
1ADS_diosgenin_uff_E=741.60,-11,0,0
1ADS_diosgenin_uff_E=741.60,-10.6,9.227,1.696
1ADS_diosgenin_uff_E=741.60,-9.7,9.397,4.743
1ADS_diosgenin_uff_E=741.60,-9.4,2.694,2.115
1ADS_diosgenin_uff_E=741.60,-9.1,6.627,4.593
1ADS_diosgenin_uff_E=741.60,-9.1,6.267,4.897
1ADS_diosgenin_uff_E=741.60,-9,10.21,3.288
1ADS_diosgenin_uff_E=741.60,-8.8,11.63,8.772
1ADS_diosgenin_uff_E=741.60,-8.6,9.732,4.015
1ADS_sarsapogenone_uff_E=778.97,-10.4,0,0
1ADS_sarsapogenone_uff_E=778.97,-10.2,8.982,3.595
1ADS_sarsapogenone_uff_E=778.97,-10.2,8.604,2.662
1ADS_sarsapogenone_uff_E=778.97,-9.8,8.757,2.378
1ADS_sarsapogenone_uff_E=778.97,-9.3,5.234,3.188
1ADS_sarsapogenone_uff_E=778.97,-9.2,6.108,4.094
1ADS_sarsapogenone_uff_E=778.97,-9.1,8.991,5.37
1ADS_sarsapogenone_uff_E=778.97,-9,8.894,6.39
1ADS_sarsapogenone_uff_E=778.97,-9,9.988,7.455
1ADS_stigmasterol_uff_E=546.07,-9.8,0,0
1ADS_stigmasterol_uff_E=546.07,-9.6,3.621,1.52
1ADS_stigmasterol_uff_E=546.07,-9.5,5.824,3.491
1ADS_stigmasterol_uff_E=546.07,-8.9,5.797,3.361
1ADS_stigmasterol_uff_E=546.07,-8.6,9.384,3.182
1ADS_stigmasterol_uff_E=546.07,-8.3,9.536,7.053
1ADS_stigmasterol_uff_E=546.07,-8.1,9.853,3.643
1ADS_stigmasterol_uff_E=546.07,-7.9,9.819,3.2
1ADS_stigmasterol_uff_E=546.07,-7.9,9.746,3.99
1FM9_Campestrol_uff_E=260.80,-9,0,0
1FM9_Campestrol_uff_E=260.80,-8.3,12.507,9.967
1FM9_Campestrol_uff_E=260.80,-8.1,41.23,39.763
1FM9_Campestrol_uff_E=260.80,-7.7,47.462,45.253
1FM9_Campestrol_uff_E=260.80,-7.6,55.93,53.299
1FM9_Campestrol_uff_E=260.80,-7.4,7.257,3.089
1FM9_Campestrol_uff_E=260.80,-7.3,8.222,5.038
1FM9_Campestrol_uff_E=260.80,-7.3,12.712,11.204
1FM9_Campestrol_uff_E=260.80,-7.2,24.652,22.471
1FM9_Khellin_uff_E=459.06,-7.2,0,0
1FM9_Khellin_uff_E=459.06,-7.2,5.491,2.286
1FM9_Khellin_uff_E=459.06,-6.8,4.682,2.138
1FM9_Khellin_uff_E=459.06,-6.7,3.768,1.491
1FM9_Khellin_uff_E=459.06,-6.6,7.1,2.904
1FM9_Khellin_uff_E=459.06,-6.6,31.849,30.923
1FM9_Khellin_uff_E=459.06,-6.4,31.578,30.663
1FM9_Khellin_uff_E=459.06,-6.3,26.576,23.658
1FM9_Khellin_uff_E=459.06,-6.2,31.91,30.85
1FM9_beta-sitosterol_uff_E=590.84,-7.7,0,0
1FM9_beta-sitosterol_uff_E=590.84,-7.6,20.694,17.611
1FM9_beta-sitosterol_uff_E=590.84,-7.5,43.198,40.256
1FM9_beta-sitosterol_uff_E=590.84,-7.5,31.071,29.682
1FM9_beta-sitosterol_uff_E=590.84,-7.4,9.706,3.236
1FM9_beta-sitosterol_uff_E=590.84,-7.4,3.092,1.94
1FM9_beta-sitosterol_uff_E=590.84,-7.1,36.438,31.969
1FM9_beta-sitosterol_uff_E=590.84,-7,24.601,21.908
1FM9_beta-sitosterol_uff_E=590.84,-7,2.909,1.218
1FM9_cholesterol_uff_E=547.91,-7.8,0,0
1FM9_cholesterol_uff_E=547.91,-7.5,31.135,29.768
1FM9_cholesterol_uff_E=547.91,-7.4,2.573,1.661
1FM9_cholesterol_uff_E=547.91,-7.3,9.046,3.184
1FM9_cholesterol_uff_E=547.91,-7.2,2.623,1.205
1FM9_cholesterol_uff_E=547.91,-7.1,27.634,26.108
1FM9_cholesterol_uff_E=547.91,-7,25.651,21.912
1FM9_cholesterol_uff_E=547.91,-7,35.159,32.059
1FM9_cholesterol_uff_E=547.91,-7,9.42,3.335
1FM9_deltonin_uff_E=1773.74,-10.1,0,0
1FM9_deltonin_uff_E=1773.74,-9.5,3.078,1.87
1FM9_deltonin_uff_E=1773.74,-9.4,6.181,3
1FM9_deltonin_uff_E=1773.74,-9.3,6.094,2.958
1FM9_deltonin_uff_E=1773.74,-9,32.522,29.726
1FM9_deltonin_uff_E=1773.74,-9,3.73,2.53
1FM9_deltonin_uff_E=1773.74,-9,5.391,2.427
1FM9_deltonin_uff_E=1773.74,-8.8,3.213,2.19
1FM9_deltonin_uff_E=1773.74,-8.8,35.222,27.323
1FM9_dioscin_uff_E=1958.90,-8.7,0,0
1FM9_dioscin_uff_E=1958.90,-8.5,52.234,44.796
1FM9_dioscin_uff_E=1958.90,-8.4,39.939,37.541
1FM9_dioscin_uff_E=1958.90,-8.2,34.739,28.701
1FM9_dioscin_uff_E=1958.90,-8.1,31.287,26.602
1FM9_dioscin_uff_E=1958.90,-8.1,34.342,28.476
1FM9_dioscin_uff_E=1958.90,-8,29.666,26.845
1FM9_dioscin_uff_E=1958.90,-8,23.426,19.461
1FM9_dioscin_uff_E=1958.90,-8,42.464,38.042
1FM9_diosgenin_uff_E=741.60,-9.1,0,0
1FM9_diosgenin_uff_E=741.60,-8.8,36.261,33.877
1FM9_diosgenin_uff_E=741.60,-8.7,36.021,33.389
1FM9_diosgenin_uff_E=741.60,-8.4,35.56,33.37
1FM9_diosgenin_uff_E=741.60,-8.1,35.273,32.652
1FM9_diosgenin_uff_E=741.60,-7.9,27.207,23.433
1FM9_diosgenin_uff_E=741.60,-7.8,22.795,18.837
1FM9_diosgenin_uff_E=741.60,-7.8,26.027,24.252
1FM9_diosgenin_uff_E=741.60,-7.8,49.724,47.994
1FM9_sarsapogenone_uff_E=778.97,-8.4,0,0
1FM9_sarsapogenone_uff_E=778.97,-8.4,28.068,25.339
1FM9_sarsapogenone_uff_E=778.97,-8.1,39.536,36.289
1FM9_sarsapogenone_uff_E=778.97,-8,35.771,33.657
1FM9_sarsapogenone_uff_E=778.97,-8,38.525,36.888
1FM9_sarsapogenone_uff_E=778.97,-7.9,20.098,15.604
1FM9_sarsapogenone_uff_E=778.97,-7.8,38.484,36.188
1FM9_sarsapogenone_uff_E=778.97,-7.8,36.362,33.933
1FM9_sarsapogenone_uff_E=778.97,-7.6,35.43,33.233
1FM9_stigmasterol_uff_E=546.07,-9.3,0,0
1FM9_stigmasterol_uff_E=546.07,-8.3,9.449,3.822
1FM9_stigmasterol_uff_E=546.07,-8.2,33.174,29.977
1FM9_stigmasterol_uff_E=546.07,-7.9,13.29,12.021
1FM9_stigmasterol_uff_E=546.07,-7.6,12.448,10.125
1FM9_stigmasterol_uff_E=546.07,-7.3,31.955,29.943
1FM9_stigmasterol_uff_E=546.07,-7.2,20.6,16.678
1FM9_stigmasterol_uff_E=546.07,-7.1,52.459,50.106
1FM9_stigmasterol_uff_E=546.07,-7,23.643,21.467
1IRK_Campestrol_uff_E=260.80,-7.9,0,0
1IRK_Campestrol_uff_E=260.80,-7.5,14.269,11.995
1IRK_Campestrol_uff_E=260.80,-7.5,4.831,2.088
1IRK_Campestrol_uff_E=260.80,-7.4,22.997,20.495
1IRK_Campestrol_uff_E=260.80,-7.4,23.097,20.601
1IRK_Campestrol_uff_E=260.80,-7.4,14.164,10.104
1IRK_Campestrol_uff_E=260.80,-7.3,15.817,12.66
1IRK_Campestrol_uff_E=260.80,-7.3,5.705,2.523
1IRK_Campestrol_uff_E=260.80,-7.3,13.221,10.265
1IRK_Khellin_uff_E=459.06,-6.5,0,0
1IRK_Khellin_uff_E=459.06,-6.5,31.412,28.796
1IRK_Khellin_uff_E=459.06,-6.4,32.688,29.806
1IRK_Khellin_uff_E=459.06,-6.3,22.45,20.546
1IRK_Khellin_uff_E=459.06,-6.2,22.478,20.464
1IRK_Khellin_uff_E=459.06,-6.1,4.378,0.995
1IRK_Khellin_uff_E=459.06,-6,22.727,20.4
1IRK_Khellin_uff_E=459.06,-6,22.82,20.895
1IRK_Khellin_uff_E=459.06,-5.9,22.663,20.981
1IRK_beta-sitosterol_uff_E=590.84,-8.5,0,0
1IRK_beta-sitosterol_uff_E=590.84,-8.3,2.503,1.627
1IRK_beta-sitosterol_uff_E=590.84,-7.9,25.889,23.405
1IRK_beta-sitosterol_uff_E=590.84,-7.6,28.029,24.21
1IRK_beta-sitosterol_uff_E=590.84,-7.4,8.74,3.574
1IRK_beta-sitosterol_uff_E=590.84,-7.3,16.22,13.753
1IRK_beta-sitosterol_uff_E=590.84,-7.3,16.6,13.885
1IRK_beta-sitosterol_uff_E=590.84,-7.1,21.257,15.635
1IRK_beta-sitosterol_uff_E=590.84,-7.1,18.982,16.167
1IRK_cholesterol_uff_E=547.91,-8.5,0,0
1IRK_cholesterol_uff_E=547.91,-8.5,2.277,1.492
1IRK_cholesterol_uff_E=547.91,-7.6,2.649,1.479
1IRK_cholesterol_uff_E=547.91,-7.4,27.138,23.567
1IRK_cholesterol_uff_E=547.91,-7.3,15.022,13.115
1IRK_cholesterol_uff_E=547.91,-7.1,15.852,13.649
1IRK_cholesterol_uff_E=547.91,-7,15.989,13.8
1IRK_cholesterol_uff_E=547.91,-6.9,16.063,13.314
1IRK_cholesterol_uff_E=547.91,-6.7,18.3,15.505
1IRK_deltonin_uff_E=1773.74,-9.6,0,0
1IRK_deltonin_uff_E=1773.74,-9.6,2.418,1.457
1IRK_deltonin_uff_E=1773.74,-9.5,12.08,6.044
1IRK_deltonin_uff_E=1773.74,-9.3,27.195,17.182
1IRK_deltonin_uff_E=1773.74,-9.2,25.792,16.02
1IRK_deltonin_uff_E=1773.74,-9.2,34.489,31.614
1IRK_deltonin_uff_E=1773.74,-9,21.403,16.782
1IRK_deltonin_uff_E=1773.74,-8.9,34.981,31.725
1IRK_deltonin_uff_E=1773.74,-8.9,35.644,32.948
1IRK_dioscin_uff_E=1958.90,-9.3,0,0
1IRK_dioscin_uff_E=1958.90,-8.9,2.912,1.734
1IRK_dioscin_uff_E=1958.90,-8.9,4.65,1.908
1IRK_dioscin_uff_E=1958.90,-8.8,29.252,25.433
1IRK_dioscin_uff_E=1958.90,-8.8,30.234,26.78
1IRK_dioscin_uff_E=1958.90,-8.4,32.928,27.067
1IRK_dioscin_uff_E=1958.90,-8.4,29.45,24.774
1IRK_dioscin_uff_E=1958.90,-8.3,28.575,20.462
1IRK_dioscin_uff_E=1958.90,-8.3,30.713,24.95
1IRK_diosgenin_uff_E=741.60,-9.4,0,0
1IRK_diosgenin_uff_E=741.60,-9.2,28.17,24.285
1IRK_diosgenin_uff_E=741.60,-8.4,9.177,2.22
1IRK_diosgenin_uff_E=741.60,-8.4,28.208,26.874
1IRK_diosgenin_uff_E=741.60,-8.4,28.584,26.14
1IRK_diosgenin_uff_E=741.60,-8.4,27.533,26.316
1IRK_diosgenin_uff_E=741.60,-8.2,27.994,24.633
1IRK_diosgenin_uff_E=741.60,-8.2,27.322,24.461
1IRK_diosgenin_uff_E=741.60,-8.2,29.071,26.654
1IRK_sarsapogenone_uff_E=778.97,-9.6,0,0
1IRK_sarsapogenone_uff_E=778.97,-9.6,26.905,24.262
1IRK_sarsapogenone_uff_E=778.97,-8.7,28.506,25.75
1IRK_sarsapogenone_uff_E=778.97,-8.7,27.232,25.618
1IRK_sarsapogenone_uff_E=778.97,-8.6,27.347,24.585
1IRK_sarsapogenone_uff_E=778.97,-8.3,27.951,25.09
1IRK_sarsapogenone_uff_E=778.97,-8.3,28.205,26.583
1IRK_sarsapogenone_uff_E=778.97,-8.1,28.137,25.393
1IRK_sarsapogenone_uff_E=778.97,-7.9,27,24.951
1IRK_stigmasterol_uff_E=546.07,-8.9,0,0
1IRK_stigmasterol_uff_E=546.07,-8.1,2.702,1.883
1IRK_stigmasterol_uff_E=546.07,-8,26.387,23.156
1IRK_stigmasterol_uff_E=546.07,-7.8,3.765,2.033
1IRK_stigmasterol_uff_E=546.07,-7.6,9.731,3.54
1IRK_stigmasterol_uff_E=546.07,-7.5,19.182,15.999
1IRK_stigmasterol_uff_E=546.07,-7.5,27.419,23.722
1IRK_stigmasterol_uff_E=546.07,-7.4,9.481,4.398
1IRK_stigmasterol_uff_E=546.07,-7.3,16.432,14.074
1J2E_Campestrol_uff_E=260.80,-7.5,0,0
1J2E_Campestrol_uff_E=260.80,-7.3,30.713,28.72
1J2E_Campestrol_uff_E=260.80,-7.2,75.286,72.365
1J2E_Campestrol_uff_E=260.80,-7.2,4.685,2.42
1J2E_Campestrol_uff_E=260.80,-7.2,32.042,29.065
1J2E_Campestrol_uff_E=260.80,-7.2,17.607,15.092
1J2E_Campestrol_uff_E=260.80,-7.1,42.386,40.452
1J2E_Campestrol_uff_E=260.80,-7.1,45.704,42.527
1J2E_Campestrol_uff_E=260.80,-7.1,45.138,41.788
1J2E_Khellin_uff_E=459.06,-6.9,0,0
1J2E_Khellin_uff_E=459.06,-6.9,78.832,75.758
1J2E_Khellin_uff_E=459.06,-6.8,79.263,76.224
1J2E_Khellin_uff_E=459.06,-6.5,48.814,45.765
1J2E_Khellin_uff_E=459.06,-6.5,78.539,75.371
1J2E_Khellin_uff_E=459.06,-6.4,77.528,74.582
1J2E_Khellin_uff_E=459.06,-6.3,79.332,76.257
1J2E_Khellin_uff_E=459.06,-6.3,31.172,28.402
1J2E_Khellin_uff_E=459.06,-6.2,48.728,45.587
1J2E_beta-sitosterol_uff_E=590.84,-8.4,0,0
1J2E_beta-sitosterol_uff_E=590.84,-8,46.478,42.945
1J2E_beta-sitosterol_uff_E=590.84,-8,52.357,49.35
1J2E_beta-sitosterol_uff_E=590.84,-7.9,21.052,18.749
1J2E_beta-sitosterol_uff_E=590.84,-7.9,14.281,8.981
1J2E_beta-sitosterol_uff_E=590.84,-7.8,38.432,36.283
1J2E_beta-sitosterol_uff_E=590.84,-7.8,23.502,19.939
1J2E_beta-sitosterol_uff_E=590.84,-7.7,50.3,47.223
1J2E_beta-sitosterol_uff_E=590.84,-7.7,22.982,19.557
1J2E_cholesterol_uff_E=547.91,-8.8,0,0
1J2E_cholesterol_uff_E=547.91,-8.6,51.448,46.357
1J2E_cholesterol_uff_E=547.91,-8.5,39.214,37.374
1J2E_cholesterol_uff_E=547.91,-8.4,55.003,47.153
1J2E_cholesterol_uff_E=547.91,-8.4,22.387,20.519
1J2E_cholesterol_uff_E=547.91,-8.4,51.803,48.331
1J2E_cholesterol_uff_E=547.91,-8.4,38.698,37.306
1J2E_cholesterol_uff_E=547.91,-8.3,10.862,8.636
1J2E_cholesterol_uff_E=547.91,-8.1,21.836,20.158
1J2E_deltonin_uff_E=1773.74,-9.8,0,0
1J2E_deltonin_uff_E=1773.74,-9.8,31.748,26.103
1J2E_deltonin_uff_E=1773.74,-9.5,74.563,68.512
1J2E_deltonin_uff_E=1773.74,-9.5,9.044,6.347
1J2E_deltonin_uff_E=1773.74,-9.4,7.224,3.75
1J2E_deltonin_uff_E=1773.74,-9.3,27.475,24.279
1J2E_deltonin_uff_E=1773.74,-9.3,75.379,68.573
1J2E_deltonin_uff_E=1773.74,-9.2,76.045,69.298
1J2E_deltonin_uff_E=1773.74,-9.1,29.246,25.531
1J2E_dioscin_uff_E=1958.90,-10.4,0,0
1J2E_dioscin_uff_E=1958.90,-10.4,27.94,22.574
1J2E_dioscin_uff_E=1958.90,-10.4,55.22,51.985
1J2E_dioscin_uff_E=1958.90,-10.3,33.523,28.575
1J2E_dioscin_uff_E=1958.90,-10.3,28.012,22.801
1J2E_dioscin_uff_E=1958.90,-9.9,5.428,2.677
1J2E_dioscin_uff_E=1958.90,-9.9,12.996,5.008
1J2E_dioscin_uff_E=1958.90,-9.9,58.246,54.82
1J2E_dioscin_uff_E=1958.90,-9.9,53.533,49.712
1J2E_diosgenin_uff_E=741.60,-9.9,0,0
1J2E_diosgenin_uff_E=741.60,-9.7,36.673,34.496
1J2E_diosgenin_uff_E=741.60,-9.6,22.251,17.985
1J2E_diosgenin_uff_E=741.60,-9.5,27.629,24.205
1J2E_diosgenin_uff_E=741.60,-9.5,19.508,12.838
1J2E_diosgenin_uff_E=741.60,-9.4,34.773,33.081
1J2E_diosgenin_uff_E=741.60,-9.2,8.939,1.966
1J2E_diosgenin_uff_E=741.60,-9.1,3.842,2.141
1J2E_diosgenin_uff_E=741.60,-8.8,31.135,28.146
1J2E_sarsapogenone_uff_E=778.97,-10.7,0,0
1J2E_sarsapogenone_uff_E=778.97,-10,37.121,34.087
1J2E_sarsapogenone_uff_E=778.97,-9.7,27.361,24.797
1J2E_sarsapogenone_uff_E=778.97,-9.5,22.718,18.461
1J2E_sarsapogenone_uff_E=778.97,-9.4,27.661,23.797
1J2E_sarsapogenone_uff_E=778.97,-9.1,9.524,2.76
1J2E_sarsapogenone_uff_E=778.97,-9,38.746,36.189
1J2E_sarsapogenone_uff_E=778.97,-9,11.01,3.889
1J2E_sarsapogenone_uff_E=778.97,-9,28.362,25.506
1J2E_stigmasterol_uff_E=546.07,-8.7,0,0
1J2E_stigmasterol_uff_E=546.07,-8.6,38.732,36.408
1J2E_stigmasterol_uff_E=546.07,-8.6,26.515,23.938
1J2E_stigmasterol_uff_E=546.07,-8.5,22.175,17.451
1J2E_stigmasterol_uff_E=546.07,-8.4,39.516,37.602
1J2E_stigmasterol_uff_E=546.07,-8.4,27.093,24.517
1J2E_stigmasterol_uff_E=546.07,-8.3,24.095,20.563
1J2E_stigmasterol_uff_E=546.07,-8.2,52.398,50.249
1J2E_stigmasterol_uff_E=546.07,-8.1,17.097,13.124
1SMD_Campestrol_uff_E=260.80,-7.9,0,0
1SMD_Campestrol_uff_E=260.80,-7.2,5.492,1.987
1SMD_Campestrol_uff_E=260.80,-7.2,6.445,1.734
1SMD_Campestrol_uff_E=260.80,-7.1,3.254,2.14
1SMD_Campestrol_uff_E=260.80,-7,19.171,17.209
1SMD_Campestrol_uff_E=260.80,-7,6.477,1.802
1SMD_Campestrol_uff_E=260.80,-6.9,6.543,1.865
1SMD_Campestrol_uff_E=260.80,-6.8,38.002,35.509
1SMD_Campestrol_uff_E=260.80,-6.8,39.146,36.23
1SMD_Khellin_uff_E=459.06,-6.7,0,0
1SMD_Khellin_uff_E=459.06,-6.4,4.291,1.399
1SMD_Khellin_uff_E=459.06,-6.3,2.008,1.459
1SMD_Khellin_uff_E=459.06,-6.3,32.636,31.226
1SMD_Khellin_uff_E=459.06,-6.3,4.789,1.728
1SMD_Khellin_uff_E=459.06,-6.2,16.99,14.369
1SMD_Khellin_uff_E=459.06,-6.1,18.724,15.51
1SMD_Khellin_uff_E=459.06,-6.1,16.635,13.492
1SMD_Khellin_uff_E=459.06,-6.1,17.734,14.735
1SMD_beta-sitosterol_uff_E=590.84,-9.4,0,0
1SMD_beta-sitosterol_uff_E=590.84,-9.3,8.641,3.461
1SMD_beta-sitosterol_uff_E=590.84,-9.1,1.973,1.112
1SMD_beta-sitosterol_uff_E=590.84,-9,3.057,1.385
1SMD_beta-sitosterol_uff_E=590.84,-9,9.437,3.896
1SMD_beta-sitosterol_uff_E=590.84,-8.9,3.792,1.875
1SMD_beta-sitosterol_uff_E=590.84,-8.9,5.172,2.732
1SMD_beta-sitosterol_uff_E=590.84,-8.8,7.776,4.226
1SMD_beta-sitosterol_uff_E=590.84,-8.6,7.714,4.095
1SMD_cholesterol_uff_E=547.91,-9.1,0,0
1SMD_cholesterol_uff_E=547.91,-8.5,8.351,3.747
1SMD_cholesterol_uff_E=547.91,-8.4,8.819,4.429
1SMD_cholesterol_uff_E=547.91,-7.9,8.955,3.806
1SMD_cholesterol_uff_E=547.91,-7.8,5.929,3.817
1SMD_cholesterol_uff_E=547.91,-7.7,9.348,5.414
1SMD_cholesterol_uff_E=547.91,-7.7,8.51,3.632
1SMD_cholesterol_uff_E=547.91,-7.6,3.457,2.24
1SMD_cholesterol_uff_E=547.91,-7.5,10.291,6.14
1SMD_deltonin_uff_E=1773.74,-10.3,0,0
1SMD_deltonin_uff_E=1773.74,-10.2,13.5,3.298
1SMD_deltonin_uff_E=1773.74,-10.1,38.569,35.351
1SMD_deltonin_uff_E=1773.74,-10.1,39.855,34.208
1SMD_deltonin_uff_E=1773.74,-9.9,6.979,3.447
1SMD_deltonin_uff_E=1773.74,-9.9,13.943,3.099
1SMD_deltonin_uff_E=1773.74,-9.8,7.167,3.243
1SMD_deltonin_uff_E=1773.74,-9.7,14.534,3.064
1SMD_deltonin_uff_E=1773.74,-9.7,40.509,34.829
1SMD_dioscin_uff_E=1958.90,-10,0,0
1SMD_dioscin_uff_E=1958.90,-9.9,2.256,1.494
1SMD_dioscin_uff_E=1958.90,-9.6,16.003,7.279
1SMD_dioscin_uff_E=1958.90,-9.5,13.806,5.665
1SMD_dioscin_uff_E=1958.90,-9.4,12.901,6.726
1SMD_dioscin_uff_E=1958.90,-9.3,37.131,33.623
1SMD_dioscin_uff_E=1958.90,-9.3,36.58,32.441
1SMD_dioscin_uff_E=1958.90,-9.2,35.5,31.873
1SMD_dioscin_uff_E=1958.90,-9.2,22.986,18.059
1SMD_diosgenin_uff_E=741.60,-9.8,0,0
1SMD_diosgenin_uff_E=741.60,-9.6,9.006,2.129
1SMD_diosgenin_uff_E=741.60,-9.6,5.324,3.695
1SMD_diosgenin_uff_E=741.60,-9.3,4.886,3.767
1SMD_diosgenin_uff_E=741.60,-9.1,10.057,4.9
1SMD_diosgenin_uff_E=741.60,-8.7,4.518,2.862
1SMD_diosgenin_uff_E=741.60,-8.7,8.411,5.246
1SMD_diosgenin_uff_E=741.60,-8.5,48.026,42.666
1SMD_diosgenin_uff_E=741.60,-8.4,39.99,39.025
1SMD_sarsapogenone_uff_E=778.97,-10,0,0
1SMD_sarsapogenone_uff_E=778.97,-9.6,8.996,2.401
1SMD_sarsapogenone_uff_E=778.97,-9.6,10.518,6.977
1SMD_sarsapogenone_uff_E=778.97,-9.3,8.21,5.063
1SMD_sarsapogenone_uff_E=778.97,-9.3,4.902,3.636
1SMD_sarsapogenone_uff_E=778.97,-9.1,8.766,2.113
1SMD_sarsapogenone_uff_E=778.97,-9,8.681,4.492
1SMD_sarsapogenone_uff_E=778.97,-8.7,8.091,4.326
1SMD_sarsapogenone_uff_E=778.97,-8.3,41.371,38.829
1SMD_stigmasterol_uff_E=546.07,-9.6,0,0
1SMD_stigmasterol_uff_E=546.07,-9.6,5.163,2.511
1SMD_stigmasterol_uff_E=546.07,-9,7.574,4.102
1SMD_stigmasterol_uff_E=546.07,-8.8,3.093,1.484
1SMD_stigmasterol_uff_E=546.07,-8.7,8.534,3.338
1SMD_stigmasterol_uff_E=546.07,-8.7,4.022,2.084
1SMD_stigmasterol_uff_E=546.07,-8.7,9.136,3.343
1SMD_stigmasterol_uff_E=546.07,-8.5,9.968,4.251
1SMD_stigmasterol_uff_E=546.07,-8.3,9.783,3.943
1XU9_Campestrol_uff_E=260.80,-9.2,0,0
1XU9_Campestrol_uff_E=260.80,-9.1,47.779,44.93
1XU9_Campestrol_uff_E=260.80,-8.8,2.196,1.843
1XU9_Campestrol_uff_E=260.80,-8.8,47.979,44.939
1XU9_Campestrol_uff_E=260.80,-8.7,48.938,46.042
1XU9_Campestrol_uff_E=260.80,-8.7,51.443,48.743
1XU9_Campestrol_uff_E=260.80,-8.5,49.528,46.652
1XU9_Campestrol_uff_E=260.80,-8.3,50.16,47.455
1XU9_Campestrol_uff_E=260.80,-8.1,5.538,2.02
1XU9_Khellin_uff_E=459.06,-7,0,0
1XU9_Khellin_uff_E=459.06,-7,7.64,5.666
1XU9_Khellin_uff_E=459.06,-7,50.629,47.338
1XU9_Khellin_uff_E=459.06,-6.9,6.949,4.069
1XU9_Khellin_uff_E=459.06,-6.9,39.059,35.481
1XU9_Khellin_uff_E=459.06,-6.9,50.916,47.957
1XU9_Khellin_uff_E=459.06,-6.8,39.161,36.784
1XU9_Khellin_uff_E=459.06,-6.8,4.577,2.316
1XU9_Khellin_uff_E=459.06,-6.8,48.938,46.259
1XU9_beta-sitosterol_uff_E=590.84,-11.3,0,0
1XU9_beta-sitosterol_uff_E=590.84,-10.9,2.176,1.156
1XU9_beta-sitosterol_uff_E=590.84,-10.2,41.348,37.249
1XU9_beta-sitosterol_uff_E=590.84,-10.1,50.321,47.427
1XU9_beta-sitosterol_uff_E=590.84,-9.9,51.707,48.797
1XU9_beta-sitosterol_uff_E=590.84,-9.6,40.424,36.429
1XU9_beta-sitosterol_uff_E=590.84,-9.6,4.386,1.879
1XU9_beta-sitosterol_uff_E=590.84,-9.5,38.808,34.951
1XU9_beta-sitosterol_uff_E=590.84,-9.5,51.242,48.325
1XU9_cholesterol_uff_E=547.91,-9.5,0,0
1XU9_cholesterol_uff_E=547.91,-9.4,1.347,0.966
1XU9_cholesterol_uff_E=547.91,-9.3,9.021,3.921
1XU9_cholesterol_uff_E=547.91,-9.3,34.428,31.441
1XU9_cholesterol_uff_E=547.91,-9.2,34.054,31.103
1XU9_cholesterol_uff_E=547.91,-9.1,8.062,3.363
1XU9_cholesterol_uff_E=547.91,-9.1,3.387,1.823
1XU9_cholesterol_uff_E=547.91,-9.1,33.153,30.599
1XU9_cholesterol_uff_E=547.91,-9,3.545,2.001
1XU9_deltonin_uff_E=1773.74,-10.6,0,0
1XU9_deltonin_uff_E=1773.74,-10.6,13.677,2.869
1XU9_deltonin_uff_E=1773.74,-10.5,45.44,42.148
1XU9_deltonin_uff_E=1773.74,-10.1,49.238,42.184
1XU9_deltonin_uff_E=1773.74,-10.1,50.123,43.057
1XU9_deltonin_uff_E=1773.74,-9.8,17.279,5.917
1XU9_deltonin_uff_E=1773.74,-9.4,2.31,1.442
1XU9_deltonin_uff_E=1773.74,-9.4,42.36,38.995
1XU9_deltonin_uff_E=1773.74,-9.4,3.631,2.41
1XU9_dioscin_uff_E=1958.90,-10.9,0,0
1XU9_dioscin_uff_E=1958.90,-10.1,2.252,1.372
1XU9_dioscin_uff_E=1958.90,-9.7,18.08,8.199
1XU9_dioscin_uff_E=1958.90,-9.6,8.662,4.781
1XU9_dioscin_uff_E=1958.90,-9.4,11.221,6.598
1XU9_dioscin_uff_E=1958.90,-9.4,9.765,5.558
1XU9_dioscin_uff_E=1958.90,-9.2,42.793,40.162
1XU9_dioscin_uff_E=1958.90,-9.2,19.961,10.29
1XU9_dioscin_uff_E=1958.90,-9.1,25.146,17.007
1XU9_diosgenin_uff_E=741.60,-13.4,0,0
1XU9_diosgenin_uff_E=741.60,-12.3,34.879,32.777
1XU9_diosgenin_uff_E=741.60,-12.2,45.555,42.067
1XU9_diosgenin_uff_E=741.60,-11.8,32.77,30.24
1XU9_diosgenin_uff_E=741.60,-11.8,3.018,2.168
1XU9_diosgenin_uff_E=741.60,-11.8,40.529,37.503
1XU9_diosgenin_uff_E=741.60,-11.7,37.964,35.063
1XU9_diosgenin_uff_E=741.60,-11.6,31.209,29.916
1XU9_diosgenin_uff_E=741.60,-11.5,42.753,38.768
1XU9_sarsapogenone_uff_E=778.97,-12.1,0,0
1XU9_sarsapogenone_uff_E=778.97,-12,33.394,30.483
1XU9_sarsapogenone_uff_E=778.97,-11.8,1.767,1.385
1XU9_sarsapogenone_uff_E=778.97,-11.8,33.085,30.438
1XU9_sarsapogenone_uff_E=778.97,-11.7,31.918,30.832
1XU9_sarsapogenone_uff_E=778.97,-11.6,8.709,2.276
1XU9_sarsapogenone_uff_E=778.97,-11.6,11.478,4.239
1XU9_sarsapogenone_uff_E=778.97,-11.4,10.387,3.1
1XU9_sarsapogenone_uff_E=778.97,-11.3,34.451,31.877
1XU9_stigmasterol_uff_E=546.07,-11,0,0
1XU9_stigmasterol_uff_E=546.07,-10.6,50.664,48.516
1XU9_stigmasterol_uff_E=546.07,-10.4,2.301,1.461
1XU9_stigmasterol_uff_E=546.07,-10.2,1.631,1.129
1XU9_stigmasterol_uff_E=546.07,-10.2,49.931,46.813
1XU9_stigmasterol_uff_E=546.07,-10.2,49.995,47.785
1XU9_stigmasterol_uff_E=546.07,-10.1,3.925,1.748
1XU9_stigmasterol_uff_E=546.07,-10.1,2.98,1.852
1XU9_stigmasterol_uff_E=546.07,-10.1,50.447,48.46
2BEL_Campestrol_uff_E=260.80,-9.1,0,0
2BEL_Campestrol_uff_E=260.80,-9,31.682,29.744
2BEL_Campestrol_uff_E=260.80,-8.9,6.884,4.196
2BEL_Campestrol_uff_E=260.80,-8.8,50.157,47.361
2BEL_Campestrol_uff_E=260.80,-8.5,47.479,44.635
2BEL_Campestrol_uff_E=260.80,-8.5,44.676,41.83
2BEL_Campestrol_uff_E=260.80,-8.4,31.562,29.742
2BEL_Campestrol_uff_E=260.80,-8.3,4.676,2.626
2BEL_Campestrol_uff_E=260.80,-8.2,30.972,29.661
2BEL_Khellin_uff_E=459.06,-6.9,0,0
2BEL_Khellin_uff_E=459.06,-6.7,72.533,70.06
2BEL_Khellin_uff_E=459.06,-6.7,21.689,17.999
2BEL_Khellin_uff_E=459.06,-6.6,20.074,17.013
2BEL_Khellin_uff_E=459.06,-6.6,26,22.875
2BEL_Khellin_uff_E=459.06,-6.6,70.855,68.778
2BEL_Khellin_uff_E=459.06,-6.6,5.117,2.991
2BEL_Khellin_uff_E=459.06,-6.5,19.845,17.453
2BEL_Khellin_uff_E=459.06,-6.5,70.836,69.328
2BEL_beta-sitosterol_uff_E=590.84,-9.6,0,0
2BEL_beta-sitosterol_uff_E=590.84,-9.6,43.842,41.107
2BEL_beta-sitosterol_uff_E=590.84,-9.6,57.584,54.571
2BEL_beta-sitosterol_uff_E=590.84,-9.5,32.351,30.235
2BEL_beta-sitosterol_uff_E=590.84,-9.3,31.837,30.038
2BEL_beta-sitosterol_uff_E=590.84,-9.1,57.897,54.954
2BEL_beta-sitosterol_uff_E=590.84,-9.1,8.716,3.207
2BEL_beta-sitosterol_uff_E=590.84,-9.1,47.895,45.552
2BEL_beta-sitosterol_uff_E=590.84,-9,45.042,42.34
2BEL_cholesterol_uff_E=547.91,-9.5,0,0
2BEL_cholesterol_uff_E=547.91,-9.5,40.274,38.518
2BEL_cholesterol_uff_E=547.91,-9.5,58.027,55.778
2BEL_cholesterol_uff_E=547.91,-9.4,43.851,41.907
2BEL_cholesterol_uff_E=547.91,-9.3,32.452,30.376
2BEL_cholesterol_uff_E=547.91,-9.3,45.253,43.245
2BEL_cholesterol_uff_E=547.91,-9.1,32.586,30.555
2BEL_cholesterol_uff_E=547.91,-9,48.249,46.28
2BEL_cholesterol_uff_E=547.91,-9,57.198,54.933
2BEL_deltonin_uff_E=1773.74,-11.1,0,0
2BEL_deltonin_uff_E=1773.74,-10.8,50.126,45.849
2BEL_deltonin_uff_E=1773.74,-10.7,50.741,46.366
2BEL_deltonin_uff_E=1773.74,-10.4,59.554,55.06
2BEL_deltonin_uff_E=1773.74,-10.3,1.967,1.537
2BEL_deltonin_uff_E=1773.74,-10.2,49.823,45.277
2BEL_deltonin_uff_E=1773.74,-10.1,8.3,4.373
2BEL_deltonin_uff_E=1773.74,-10,7.497,4.033
2BEL_deltonin_uff_E=1773.74,-9.7,32.435,27.264
2BEL_dioscin_uff_E=1958.90,-12,0,0
2BEL_dioscin_uff_E=1958.90,-11.7,3.101,1.712
2BEL_dioscin_uff_E=1958.90,-11.4,34.774,31.354
2BEL_dioscin_uff_E=1958.90,-11.3,34.929,30.915
2BEL_dioscin_uff_E=1958.90,-11.3,34.967,31.098
2BEL_dioscin_uff_E=1958.90,-11.1,13.58,3.584
2BEL_dioscin_uff_E=1958.90,-11,63.478,58.868
2BEL_dioscin_uff_E=1958.90,-10.7,63.503,58.999
2BEL_dioscin_uff_E=1958.90,-10.6,63.015,58.878
2BEL_diosgenin_uff_E=741.60,-11.7,0,0
2BEL_diosgenin_uff_E=741.60,-11.5,33.569,31.254
2BEL_diosgenin_uff_E=741.60,-11.5,48.932,45.484
2BEL_diosgenin_uff_E=741.60,-11.4,65.731,60.531
2BEL_diosgenin_uff_E=741.60,-11.4,2.924,1.532
2BEL_diosgenin_uff_E=741.60,-11.4,47.285,41.814
2BEL_diosgenin_uff_E=741.60,-11.1,47.383,43.629
2BEL_diosgenin_uff_E=741.60,-11.1,49.782,47.458
2BEL_diosgenin_uff_E=741.60,-11,63.676,60.154
2BEL_sarsapogenone_uff_E=778.97,-11.8,0,0
2BEL_sarsapogenone_uff_E=778.97,-11.7,8.551,2.289
2BEL_sarsapogenone_uff_E=778.97,-11.7,8.823,2.117
2BEL_sarsapogenone_uff_E=778.97,-11.6,31.588,30.369
2BEL_sarsapogenone_uff_E=778.97,-11.6,47.325,41.532
2BEL_sarsapogenone_uff_E=778.97,-11.5,32.287,31.068
2BEL_sarsapogenone_uff_E=778.97,-11.4,59.556,56.91
2BEL_sarsapogenone_uff_E=778.97,-11.4,31.983,29.983
2BEL_sarsapogenone_uff_E=778.97,-11.3,59.702,56.806
2BEL_stigmasterol_uff_E=546.07,-10.2,0,0
2BEL_stigmasterol_uff_E=546.07,-10.2,62.384,59.866
2BEL_stigmasterol_uff_E=546.07,-10.1,10.845,4.264
2BEL_stigmasterol_uff_E=546.07,-10.1,48.04,44.284
2BEL_stigmasterol_uff_E=546.07,-10.1,48.677,45.069
2BEL_stigmasterol_uff_E=546.07,-10,33.63,30.383
2BEL_stigmasterol_uff_E=546.07,-9.9,61.903,57.987
2BEL_stigmasterol_uff_E=546.07,-9.9,33.844,30.873
2BEL_stigmasterol_uff_E=546.07,-9.8,47.544,43.729
2HNP_Campestrol_uff_E=260.80,-7.8,0,0
2HNP_Campestrol_uff_E=260.80,-7.8,4.471,2.451
2HNP_Campestrol_uff_E=260.80,-7.6,5.472,2.685
2HNP_Campestrol_uff_E=260.80,-7.5,6.44,2.301
2HNP_Campestrol_uff_E=260.80,-7.5,3.391,2.288
2HNP_Campestrol_uff_E=260.80,-7.5,32.963,30.773
2HNP_Campestrol_uff_E=260.80,-7.4,32.62,30.499
2HNP_Campestrol_uff_E=260.80,-7.3,26.616,22.983
2HNP_Campestrol_uff_E=260.80,-7.1,2.178,1.524
2HNP_Khellin_uff_E=459.06,-7,0,0
2HNP_Khellin_uff_E=459.06,-6.9,4.364,1.075
2HNP_Khellin_uff_E=459.06,-6.7,3.891,1.684
2HNP_Khellin_uff_E=459.06,-6.6,5.316,1.229
2HNP_Khellin_uff_E=459.06,-6.4,3.736,1.348
2HNP_Khellin_uff_E=459.06,-6.3,5.21,2.289
2HNP_Khellin_uff_E=459.06,-6.2,4.105,1.911
2HNP_Khellin_uff_E=459.06,-6.2,25.141,22.908
2HNP_Khellin_uff_E=459.06,-6.1,5.692,1.32
2HNP_beta-sitosterol_uff_E=590.84,-8.1,0,0
2HNP_beta-sitosterol_uff_E=590.84,-7.8,6.247,4.092
2HNP_beta-sitosterol_uff_E=590.84,-7.7,6.377,4.209
2HNP_beta-sitosterol_uff_E=590.84,-7.7,8.096,3.73
2HNP_beta-sitosterol_uff_E=590.84,-7.6,30.729,26.953
2HNP_beta-sitosterol_uff_E=590.84,-7.5,30.109,26.386
2HNP_beta-sitosterol_uff_E=590.84,-7.4,7.198,4.61
2HNP_beta-sitosterol_uff_E=590.84,-7.3,7.692,2.878
2HNP_beta-sitosterol_uff_E=590.84,-7.2,8.021,3.653
2HNP_cholesterol_uff_E=547.91,-8.3,0,0
2HNP_cholesterol_uff_E=547.91,-8,7.887,3.513
2HNP_cholesterol_uff_E=547.91,-7.9,28.882,26.15
2HNP_cholesterol_uff_E=547.91,-7.8,30.065,26.498
2HNP_cholesterol_uff_E=547.91,-7.8,29.593,26.043
2HNP_cholesterol_uff_E=547.91,-7.7,30.137,26.591
2HNP_cholesterol_uff_E=547.91,-7.6,6.832,4.558
2HNP_cholesterol_uff_E=547.91,-7.6,7.805,3.817
2HNP_cholesterol_uff_E=547.91,-7.5,7.693,3.231
2HNP_deltonin_uff_E=1773.74,-8.8,0,0
2HNP_deltonin_uff_E=1773.74,-8.6,32.375,27.397
2HNP_deltonin_uff_E=1773.74,-8.6,40.717,36.583
2HNP_deltonin_uff_E=1773.74,-8.5,14.62,7.997
2HNP_deltonin_uff_E=1773.74,-8.5,23.073,19.04
2HNP_deltonin_uff_E=1773.74,-8.2,14.435,2.715
2HNP_deltonin_uff_E=1773.74,-8.2,4.195,1.858
2HNP_deltonin_uff_E=1773.74,-8,19.477,13.373
2HNP_deltonin_uff_E=1773.74,-8,40.544,36.502
2HNP_dioscin_uff_E=1958.90,-8.8,0,0
2HNP_dioscin_uff_E=1958.90,-8.5,3.436,2.556
2HNP_dioscin_uff_E=1958.90,-8.5,37.755,34.647
2HNP_dioscin_uff_E=1958.90,-8.5,38.002,34.722
2HNP_dioscin_uff_E=1958.90,-8.4,14.533,6.399
2HNP_dioscin_uff_E=1958.90,-8.3,38.495,35.519
2HNP_dioscin_uff_E=1958.90,-8.3,36.094,31.079
2HNP_dioscin_uff_E=1958.90,-8.3,29.287,25.719
2HNP_dioscin_uff_E=1958.90,-8.3,37.407,34.324
2HNP_diosgenin_uff_E=741.60,-8.5,0,0
2HNP_diosgenin_uff_E=741.60,-8.4,30.844,29.526
2HNP_diosgenin_uff_E=741.60,-8.2,47.624,43.651
2HNP_diosgenin_uff_E=741.60,-7.9,36.122,34.032
2HNP_diosgenin_uff_E=741.60,-7.9,18.486,14.382
2HNP_diosgenin_uff_E=741.60,-7.8,31.704,29.315
2HNP_diosgenin_uff_E=741.60,-7.8,33.712,31.65
2HNP_diosgenin_uff_E=741.60,-7.8,47.064,44.834
2HNP_diosgenin_uff_E=741.60,-7.6,9.228,1.985
2HNP_sarsapogenone_uff_E=778.97,-8.7,0,0
2HNP_sarsapogenone_uff_E=778.97,-8.6,31.303,28.814
2HNP_sarsapogenone_uff_E=778.97,-8.5,35.233,33.373
2HNP_sarsapogenone_uff_E=778.97,-8.2,31.42,28.897
2HNP_sarsapogenone_uff_E=778.97,-8.2,3.352,2.116
2HNP_sarsapogenone_uff_E=778.97,-8.1,32.813,30.781
2HNP_sarsapogenone_uff_E=778.97,-8.1,33.775,31.855
2HNP_sarsapogenone_uff_E=778.97,-8.1,47.051,43.481
2HNP_sarsapogenone_uff_E=778.97,-8,47.174,43.569
2HNP_stigmasterol_uff_E=546.07,-8.4,0,0
2HNP_stigmasterol_uff_E=546.07,-7.9,30.981,27.066
2HNP_stigmasterol_uff_E=546.07,-7.7,30.701,26.682
2HNP_stigmasterol_uff_E=546.07,-7.7,7.101,4.728
2HNP_stigmasterol_uff_E=546.07,-7.6,7.768,2.882
2HNP_stigmasterol_uff_E=546.07,-7.5,29.922,27.004
2HNP_stigmasterol_uff_E=546.07,-7.5,30.988,29.148
2HNP_stigmasterol_uff_E=546.07,-7.4,22.339,20.147
2HNP_stigmasterol_uff_E=546.07,-7.3,30.853,26.819
2QLY_Campestrol_uff_E=260.80,-8.1,0,0
2QLY_Campestrol_uff_E=260.80,-7.8,42.891,38.807
2QLY_Campestrol_uff_E=260.80,-7.5,5.069,1.635
2QLY_Campestrol_uff_E=260.80,-7.5,43.058,41.45
2QLY_Campestrol_uff_E=260.80,-7.1,43.777,41.578
2QLY_Campestrol_uff_E=260.80,-7.1,28.942,26.106
2QLY_Campestrol_uff_E=260.80,-7.1,48.143,45.398
2QLY_Campestrol_uff_E=260.80,-6.9,29.592,26.808
2QLY_Campestrol_uff_E=260.80,-6.7,41.702,38.568
2QLY_Khellin_uff_E=459.06,-6.7,0,0
2QLY_Khellin_uff_E=459.06,-6.6,2.194,2.02
2QLY_Khellin_uff_E=459.06,-6.6,54.746,52.726
2QLY_Khellin_uff_E=459.06,-6.5,44.081,42.395
2QLY_Khellin_uff_E=459.06,-6.3,19.342,15.845
2QLY_Khellin_uff_E=459.06,-6.1,43.064,40.12
2QLY_Khellin_uff_E=459.06,-6.1,5.414,1.43
2QLY_Khellin_uff_E=459.06,-6.1,24.302,21.941
2QLY_Khellin_uff_E=459.06,-6,25.786,23.391
2QLY_beta-sitosterol_uff_E=590.84,-8.7,0,0
2QLY_beta-sitosterol_uff_E=590.84,-8.5,34.479,31.067
2QLY_beta-sitosterol_uff_E=590.84,-8,3.641,2.231
2QLY_beta-sitosterol_uff_E=590.84,-7.9,3.28,2.4
2QLY_beta-sitosterol_uff_E=590.84,-7.9,43.009,40.791
2QLY_beta-sitosterol_uff_E=590.84,-7.9,43.385,40.707
2QLY_beta-sitosterol_uff_E=590.84,-7.8,44.804,39.882
2QLY_beta-sitosterol_uff_E=590.84,-7.8,48.218,42.099
2QLY_beta-sitosterol_uff_E=590.84,-7.8,46.05,40.863
2QLY_cholesterol_uff_E=547.91,-8.1,0,0
2QLY_cholesterol_uff_E=547.91,-7.9,34.562,31.517
2QLY_cholesterol_uff_E=547.91,-7.5,34.224,30.642
2QLY_cholesterol_uff_E=547.91,-7.4,42.987,40.478
2QLY_cholesterol_uff_E=547.91,-7.3,33.98,31.229
2QLY_cholesterol_uff_E=547.91,-7.2,32.874,29.379
2QLY_cholesterol_uff_E=547.91,-7.1,47.817,43.045
2QLY_cholesterol_uff_E=547.91,-7.1,45.341,40.375
2QLY_cholesterol_uff_E=547.91,-7,16.009,13.57
2QLY_deltonin_uff_E=1773.74,-9.3,0,0
2QLY_deltonin_uff_E=1773.74,-9.2,10.704,4.882
2QLY_deltonin_uff_E=1773.74,-9.1,22.458,18.094
2QLY_deltonin_uff_E=1773.74,-8.9,33.218,27.426
2QLY_deltonin_uff_E=1773.74,-8.8,11.551,5.388
2QLY_deltonin_uff_E=1773.74,-8.7,3.224,2.081
2QLY_deltonin_uff_E=1773.74,-8.7,2.054,1.45
2QLY_deltonin_uff_E=1773.74,-8.6,25.763,17.013
2QLY_deltonin_uff_E=1773.74,-8.6,32.571,26.448
2QLY_dioscin_uff_E=1958.90,-10.7,0,0
2QLY_dioscin_uff_E=1958.90,-9.6,14.926,2.607
2QLY_dioscin_uff_E=1958.90,-9.5,14.705,2.572
2QLY_dioscin_uff_E=1958.90,-9.5,2.783,1.759
2QLY_dioscin_uff_E=1958.90,-9.3,30.607,24.117
2QLY_dioscin_uff_E=1958.90,-9.2,32.869,26.967
2QLY_dioscin_uff_E=1958.90,-9.1,30.431,23.751
2QLY_dioscin_uff_E=1958.90,-9,30.644,22.793
2QLY_dioscin_uff_E=1958.90,-8.9,15.473,4.514
2QLY_diosgenin_uff_E=741.60,-8.3,0,0
2QLY_diosgenin_uff_E=741.60,-8.1,33.618,29.866
2QLY_diosgenin_uff_E=741.60,-8.1,33.513,30.559
2QLY_diosgenin_uff_E=741.60,-8,29.603,27.95
2QLY_diosgenin_uff_E=741.60,-8,51.661,49.587
2QLY_diosgenin_uff_E=741.60,-7.9,15.078,12.839
2QLY_diosgenin_uff_E=741.60,-7.9,44.93,41.047
2QLY_diosgenin_uff_E=741.60,-7.8,45.089,41.589
2QLY_diosgenin_uff_E=741.60,-7.7,30.734,28.106
2QLY_sarsapogenone_uff_E=778.97,-8.8,0,0
2QLY_sarsapogenone_uff_E=778.97,-8.6,25.732,24.276
2QLY_sarsapogenone_uff_E=778.97,-8.5,25.167,23.817
2QLY_sarsapogenone_uff_E=778.97,-8.3,48.857,47.011
2QLY_sarsapogenone_uff_E=778.97,-8.3,49.112,44.971
2QLY_sarsapogenone_uff_E=778.97,-8.2,29.24,27.23
2QLY_sarsapogenone_uff_E=778.97,-8.1,45.744,39.607
2QLY_sarsapogenone_uff_E=778.97,-8,17.479,14.929
2QLY_sarsapogenone_uff_E=778.97,-8,51.244,48.653
2QLY_stigmasterol_uff_E=546.07,-9,0,0
2QLY_stigmasterol_uff_E=546.07,-8.1,8.424,6.106
2QLY_stigmasterol_uff_E=546.07,-8,2.916,1.461
2QLY_stigmasterol_uff_E=546.07,-8,4.059,2.057
2QLY_stigmasterol_uff_E=546.07,-7.9,40.439,37.656
2QLY_stigmasterol_uff_E=546.07,-7.9,8.017,4.827
2QLY_stigmasterol_uff_E=546.07,-7.8,45.737,39.705
2QLY_stigmasterol_uff_E=546.07,-7.6,41.418,37.524
2QLY_stigmasterol_uff_E=546.07,-7.6,44.66,40.675
2ZJ3_Campestrol_uff_E=260.80,-7.5,0,0
2ZJ3_Campestrol_uff_E=260.80,-7,37.053,33.328
2ZJ3_Campestrol_uff_E=260.80,-6.9,2.621,1.963
2ZJ3_Campestrol_uff_E=260.80,-6.9,2.077,1.75
2ZJ3_Campestrol_uff_E=260.80,-6.7,29.419,27.905
2ZJ3_Campestrol_uff_E=260.80,-6.5,32.013,29.714
2ZJ3_Campestrol_uff_E=260.80,-6.5,38.836,35.838
2ZJ3_Campestrol_uff_E=260.80,-6.5,23.821,20.529
2ZJ3_Campestrol_uff_E=260.80,-6.4,6.356,1.646
2ZJ3_Khellin_uff_E=459.06,-7.2,0,0
2ZJ3_Khellin_uff_E=459.06,-7,3.504,1.573
2ZJ3_Khellin_uff_E=459.06,-6.4,4.303,1.819
2ZJ3_Khellin_uff_E=459.06,-6.3,5.238,2.275
2ZJ3_Khellin_uff_E=459.06,-5.7,20.734,17.507
2ZJ3_Khellin_uff_E=459.06,-5.6,2.99,1.889
2ZJ3_Khellin_uff_E=459.06,-5.5,23.603,22.728
2ZJ3_Khellin_uff_E=459.06,-5.4,21.304,17.928
2ZJ3_Khellin_uff_E=459.06,-5.3,12.556,10.717
2ZJ3_beta-sitosterol_uff_E=590.84,-8.2,0,0
2ZJ3_beta-sitosterol_uff_E=590.84,-8.1,1.398,0.676
2ZJ3_beta-sitosterol_uff_E=590.84,-7.7,3.958,1.856
2ZJ3_beta-sitosterol_uff_E=590.84,-7.5,26.573,23.396
2ZJ3_beta-sitosterol_uff_E=590.84,-7.4,10.206,4.232
2ZJ3_beta-sitosterol_uff_E=590.84,-7.4,4.08,2.452
2ZJ3_beta-sitosterol_uff_E=590.84,-7.4,26.454,24.028
2ZJ3_beta-sitosterol_uff_E=590.84,-7.3,10.365,6.18
2ZJ3_beta-sitosterol_uff_E=590.84,-7.2,34.982,31.73
2ZJ3_cholesterol_uff_E=547.91,-8.4,0,0
2ZJ3_cholesterol_uff_E=547.91,-7.3,25.596,23.066
2ZJ3_cholesterol_uff_E=547.91,-7.2,2.433,1.432
2ZJ3_cholesterol_uff_E=547.91,-7.2,5.708,3.873
2ZJ3_cholesterol_uff_E=547.91,-7.1,2.732,1.983
2ZJ3_cholesterol_uff_E=547.91,-7.1,10.192,4.888
2ZJ3_cholesterol_uff_E=547.91,-7.1,8.249,4.582
2ZJ3_cholesterol_uff_E=547.91,-7,26.278,23.427
2ZJ3_cholesterol_uff_E=547.91,-7,31.016,28.504
2ZJ3_deltonin_uff_E=1773.74,-9.2,0,0
2ZJ3_deltonin_uff_E=1773.74,-8.8,3.93,2.847
2ZJ3_deltonin_uff_E=1773.74,-8.5,3.421,2.232
2ZJ3_deltonin_uff_E=1773.74,-8.4,36.323,31.117
2ZJ3_deltonin_uff_E=1773.74,-8.4,3.268,2.238
2ZJ3_deltonin_uff_E=1773.74,-8.4,2.465,1.874
2ZJ3_deltonin_uff_E=1773.74,-8.3,17.801,13.296
2ZJ3_deltonin_uff_E=1773.74,-8.1,6.777,4.888
2ZJ3_deltonin_uff_E=1773.74,-8.1,24.275,17.291
2ZJ3_dioscin_uff_E=1958.90,-8.5,0,0
2ZJ3_dioscin_uff_E=1958.90,-8.5,28.046,25.16
2ZJ3_dioscin_uff_E=1958.90,-8.3,14.36,2.54
2ZJ3_dioscin_uff_E=1958.90,-8.3,28.82,26.53
2ZJ3_dioscin_uff_E=1958.90,-8.2,28.4,25.933
2ZJ3_dioscin_uff_E=1958.90,-8.1,20.258,15.097
2ZJ3_dioscin_uff_E=1958.90,-8,30.985,27.038
2ZJ3_dioscin_uff_E=1958.90,-7.9,20.748,16.128
2ZJ3_dioscin_uff_E=1958.90,-7.9,35.168,32.258
2ZJ3_diosgenin_uff_E=741.60,-9,0,0
2ZJ3_diosgenin_uff_E=741.60,-8.8,8.38,4.208
2ZJ3_diosgenin_uff_E=741.60,-8.4,8.911,1.951
2ZJ3_diosgenin_uff_E=741.60,-8.3,28.54,25.37
2ZJ3_diosgenin_uff_E=741.60,-8.3,6.934,4.979
2ZJ3_diosgenin_uff_E=741.60,-8.2,28.748,25.412
2ZJ3_diosgenin_uff_E=741.60,-8.2,26.765,23.938
2ZJ3_diosgenin_uff_E=741.60,-7.9,6.567,4.867
2ZJ3_diosgenin_uff_E=741.60,-7.7,27.603,24.002
2ZJ3_sarsapogenone_uff_E=778.97,-9.3,0,0
2ZJ3_sarsapogenone_uff_E=778.97,-8.6,2.107,1.54
2ZJ3_sarsapogenone_uff_E=778.97,-8.6,8.485,3.986
2ZJ3_sarsapogenone_uff_E=778.97,-8.6,8.876,2.117
2ZJ3_sarsapogenone_uff_E=778.97,-8.6,6.077,4.159
2ZJ3_sarsapogenone_uff_E=778.97,-7.9,28.167,25.513
2ZJ3_sarsapogenone_uff_E=778.97,-7.7,12.292,11.36
2ZJ3_sarsapogenone_uff_E=778.97,-7.6,26.634,24.96
2ZJ3_sarsapogenone_uff_E=778.97,-7.6,9.726,4.316
2ZJ3_stigmasterol_uff_E=546.07,-8.5,0,0
2ZJ3_stigmasterol_uff_E=546.07,-7.4,25.462,23.053
2ZJ3_stigmasterol_uff_E=546.07,-7.3,3.965,1.917
2ZJ3_stigmasterol_uff_E=546.07,-7.3,10.261,4.36
2ZJ3_stigmasterol_uff_E=546.07,-7.2,26.686,23.716
2ZJ3_stigmasterol_uff_E=546.07,-7,5.788,4.004
2ZJ3_stigmasterol_uff_E=546.07,-6.9,34.072,30.19
2ZJ3_stigmasterol_uff_E=546.07,-6.8,35.723,31.575
2ZJ3_stigmasterol_uff_E=546.07,-6.8,9.98,4.38
3IOL_Campestrol_uff_E=260.80,-7.1,0,0
3IOL_Campestrol_uff_E=260.80,-6.7,20.464,16.264
3IOL_Campestrol_uff_E=260.80,-6.4,2.09,1.485
3IOL_Campestrol_uff_E=260.80,-6.4,4.246,2.12
3IOL_Campestrol_uff_E=260.80,-6.4,5.088,2.911
3IOL_Campestrol_uff_E=260.80,-6.3,22.844,19.549
3IOL_Campestrol_uff_E=260.80,-6.1,15.905,12.993
3IOL_Campestrol_uff_E=260.80,-6,16.565,14.512
3IOL_Campestrol_uff_E=260.80,-6,21.942,17.719
3IOL_Khellin_uff_E=459.06,-6.1,0,0
3IOL_Khellin_uff_E=459.06,-5.8,18.631,16.113
3IOL_Khellin_uff_E=459.06,-5.5,18.737,18.017
3IOL_Khellin_uff_E=459.06,-5.5,3.527,1.223
3IOL_Khellin_uff_E=459.06,-5.4,19.95,18.805
3IOL_Khellin_uff_E=459.06,-5.4,5.727,2.329
3IOL_Khellin_uff_E=459.06,-5.4,18.834,16.833
3IOL_Khellin_uff_E=459.06,-5.3,18.692,17.697
3IOL_Khellin_uff_E=459.06,-5.2,20.503,17.788
3IOL_beta-sitosterol_uff_E=590.84,-8.2,0,0
3IOL_beta-sitosterol_uff_E=590.84,-7.4,6.305,3.392
3IOL_beta-sitosterol_uff_E=590.84,-7.2,2.976,1.671
3IOL_beta-sitosterol_uff_E=590.84,-7.2,9.492,4.061
3IOL_beta-sitosterol_uff_E=590.84,-7.2,10.392,4.398
3IOL_beta-sitosterol_uff_E=590.84,-7.1,2.942,1.344
3IOL_beta-sitosterol_uff_E=590.84,-6.9,3.575,1.974
3IOL_beta-sitosterol_uff_E=590.84,-6.8,16.548,13.806
3IOL_beta-sitosterol_uff_E=590.84,-6.7,10.209,4.78
3IOL_cholesterol_uff_E=547.91,-8.4,0,0
3IOL_cholesterol_uff_E=547.91,-7.2,16.48,13.452
3IOL_cholesterol_uff_E=547.91,-7.1,16.188,13.54
3IOL_cholesterol_uff_E=547.91,-7.1,9.916,4.277
3IOL_cholesterol_uff_E=547.91,-7,3.182,1.758
3IOL_cholesterol_uff_E=547.91,-6.9,7.03,3.67
3IOL_cholesterol_uff_E=547.91,-6.8,17.679,14.663
3IOL_cholesterol_uff_E=547.91,-6.7,22.159,19.409
3IOL_cholesterol_uff_E=547.91,-6.5,7.025,3.743
3IOL_deltonin_uff_E=1773.74,-8,0,0
3IOL_deltonin_uff_E=1773.74,-7.9,22.165,17.686
3IOL_deltonin_uff_E=1773.74,-7.9,26.858,21.382
3IOL_deltonin_uff_E=1773.74,-7.8,23.646,21.011
3IOL_deltonin_uff_E=1773.74,-7.8,15.933,6.956
3IOL_deltonin_uff_E=1773.74,-7.5,13.888,4.819
3IOL_deltonin_uff_E=1773.74,-7.4,16.415,9.649
3IOL_deltonin_uff_E=1773.74,-7.4,25.757,19.404
3IOL_deltonin_uff_E=1773.74,-7.4,22.18,17.458
3IOL_dioscin_uff_E=1958.90,-8.2,0,0
3IOL_dioscin_uff_E=1958.90,-8.1,18.32,7.186
3IOL_dioscin_uff_E=1958.90,-8,24.989,21.22
3IOL_dioscin_uff_E=1958.90,-7.8,24.676,20.942
3IOL_dioscin_uff_E=1958.90,-7.8,26.429,20.904
3IOL_dioscin_uff_E=1958.90,-7.7,25.965,20.71
3IOL_dioscin_uff_E=1958.90,-7.7,22.287,17.432
3IOL_dioscin_uff_E=1958.90,-7.7,21.913,17.546
3IOL_dioscin_uff_E=1958.90,-7.6,23.826,19.004
3IOL_diosgenin_uff_E=741.60,-8.5,0,0
3IOL_diosgenin_uff_E=741.60,-8.4,9.027,1.62
3IOL_diosgenin_uff_E=741.60,-8.3,3.154,1.953
3IOL_diosgenin_uff_E=741.60,-8,3.829,2.317
3IOL_diosgenin_uff_E=741.60,-7.9,18.143,16.805
3IOL_diosgenin_uff_E=741.60,-7.7,19.825,15.7
3IOL_diosgenin_uff_E=741.60,-7.6,25.19,23.882
3IOL_diosgenin_uff_E=741.60,-7.5,20.577,18.743
3IOL_diosgenin_uff_E=741.60,-7.4,21.355,17.29
3IOL_sarsapogenone_uff_E=778.97,-8.6,0,0
3IOL_sarsapogenone_uff_E=778.97,-8.4,10.653,4.336
3IOL_sarsapogenone_uff_E=778.97,-8.1,18.38,14.476
3IOL_sarsapogenone_uff_E=778.97,-8.1,8.774,2.298
3IOL_sarsapogenone_uff_E=778.97,-8,9.032,2.394
3IOL_sarsapogenone_uff_E=778.97,-7.4,9.395,5.362
3IOL_sarsapogenone_uff_E=778.97,-7.4,24.714,23.315
3IOL_sarsapogenone_uff_E=778.97,-7.4,16.617,14.63
3IOL_sarsapogenone_uff_E=778.97,-7.4,18.991,15.644
3IOL_stigmasterol_uff_E=546.07,-8.8,0,0
3IOL_stigmasterol_uff_E=546.07,-7.4,4.166,2.213
3IOL_stigmasterol_uff_E=546.07,-7.3,10.422,4.492
3IOL_stigmasterol_uff_E=546.07,-7.3,3.467,1.934
3IOL_stigmasterol_uff_E=546.07,-7.2,16.669,13.913
3IOL_stigmasterol_uff_E=546.07,-7.2,22.103,19.239
3IOL_stigmasterol_uff_E=546.07,-7.2,16.697,13.874
3IOL_stigmasterol_uff_E=546.07,-7.2,6.021,2.89
3IOL_stigmasterol_uff_E=546.07,-7.1,17.208,14.386
4CFE_Campestrol_uff_E=260.80,-7.7,0,0
4CFE_Campestrol_uff_E=260.80,-7.6,24.786,22.312
4CFE_Campestrol_uff_E=260.80,-7.4,101.101,99.032
4CFE_Campestrol_uff_E=260.80,-7.4,4.125,2.129
4CFE_Campestrol_uff_E=260.80,-7.3,33.2,30.712
4CFE_Campestrol_uff_E=260.80,-7.1,89.162,86.251
4CFE_Campestrol_uff_E=260.80,-7.1,93.246,89.747
4CFE_Campestrol_uff_E=260.80,-6.9,100.934,98.875
4CFE_Campestrol_uff_E=260.80,-6.8,93.039,89.509
4CFE_Khellin_uff_E=459.06,-6.9,0,0
4CFE_Khellin_uff_E=459.06,-6.8,89.666,87.01
4CFE_Khellin_uff_E=459.06,-6.6,89.485,86.695
4CFE_Khellin_uff_E=459.06,-6.6,89.842,86.752
4CFE_Khellin_uff_E=459.06,-6.5,89.532,87.192
4CFE_Khellin_uff_E=459.06,-6.3,89.963,89.416
4CFE_Khellin_uff_E=459.06,-6.1,20.751,17.544
4CFE_Khellin_uff_E=459.06,-6,19.012,16.263
4CFE_Khellin_uff_E=459.06,-6,93.459,90.781
4CFE_beta-sitosterol_uff_E=590.84,-9.1,0,0
4CFE_beta-sitosterol_uff_E=590.84,-8.7,9.212,3.348
4CFE_beta-sitosterol_uff_E=590.84,-8.2,25.663,21.531
4CFE_beta-sitosterol_uff_E=590.84,-8,9.466,3.373
4CFE_beta-sitosterol_uff_E=590.84,-8,9.128,3.197
4CFE_beta-sitosterol_uff_E=590.84,-7.9,36.013,34.048
4CFE_beta-sitosterol_uff_E=590.84,-7.9,88.751,87.36
4CFE_beta-sitosterol_uff_E=590.84,-7.8,29.997,27.437
4CFE_beta-sitosterol_uff_E=590.84,-7.7,26.2,23.716
4CFE_cholesterol_uff_E=547.91,-8.8,0,0
4CFE_cholesterol_uff_E=547.91,-8.2,86.405,84.61
4CFE_cholesterol_uff_E=547.91,-8.1,81.426,75.822
4CFE_cholesterol_uff_E=547.91,-8,81.705,76.659
4CFE_cholesterol_uff_E=547.91,-7.5,39.475,36.994
4CFE_cholesterol_uff_E=547.91,-7.4,81.596,77.259
4CFE_cholesterol_uff_E=547.91,-7.4,83.56,80.32
4CFE_cholesterol_uff_E=547.91,-7.4,95.183,92.55
4CFE_cholesterol_uff_E=547.91,-7.3,50.658,47.906
4CFE_deltonin_uff_E=1773.74,-10,0,0
4CFE_deltonin_uff_E=1773.74,-9.7,80.683,78.168
4CFE_deltonin_uff_E=1773.74,-9.6,80.037,77.998
4CFE_deltonin_uff_E=1773.74,-9.5,80.398,77.069
4CFE_deltonin_uff_E=1773.74,-9.2,30.899,25.61
4CFE_deltonin_uff_E=1773.74,-9.1,31.963,28.541
4CFE_deltonin_uff_E=1773.74,-9.1,83.767,76.681
4CFE_deltonin_uff_E=1773.74,-9.1,85.742,77.72
4CFE_deltonin_uff_E=1773.74,-8.9,92.203,88.921
4CFE_dioscin_uff_E=1958.90,-9.3,0,0
4CFE_dioscin_uff_E=1958.90,-9.1,15.365,6.189
4CFE_dioscin_uff_E=1958.90,-9.1,14.862,5.506
4CFE_dioscin_uff_E=1958.90,-9.1,83.728,79.222
4CFE_dioscin_uff_E=1958.90,-9,62.547,57.872
4CFE_dioscin_uff_E=1958.90,-8.9,63.089,57.95
4CFE_dioscin_uff_E=1958.90,-8.9,62.934,57.83
4CFE_dioscin_uff_E=1958.90,-8.9,62.344,57.673
4CFE_dioscin_uff_E=1958.90,-8.8,36.666,32.957
4CFE_diosgenin_uff_E=741.60,-10.4,0,0
4CFE_diosgenin_uff_E=741.60,-10.1,9.524,3.181
4CFE_diosgenin_uff_E=741.60,-9.9,65.903,62.615
4CFE_diosgenin_uff_E=741.60,-9.9,2.643,2.033
4CFE_diosgenin_uff_E=741.60,-9.3,5.772,3.039
4CFE_diosgenin_uff_E=741.60,-9.3,119.906,117.65
4CFE_diosgenin_uff_E=741.60,-9,5.841,3.406
4CFE_diosgenin_uff_E=741.60,-8.9,11.111,5.851
4CFE_diosgenin_uff_E=741.60,-8.9,8.506,5.1
4CFE_sarsapogenone_uff_E=778.97,-10.5,0,0
4CFE_sarsapogenone_uff_E=778.97,-10.5,8.764,2.078
4CFE_sarsapogenone_uff_E=778.97,-10.5,8.559,2.597
4CFE_sarsapogenone_uff_E=778.97,-9.9,103.007,101.041
4CFE_sarsapogenone_uff_E=778.97,-9.8,3.183,2.161
4CFE_sarsapogenone_uff_E=778.97,-9,34.545,32.988
4CFE_sarsapogenone_uff_E=778.97,-9,9.235,2.859
4CFE_sarsapogenone_uff_E=778.97,-8.9,119.047,116.384
4CFE_sarsapogenone_uff_E=778.97,-8.7,6.438,3.262
4CFE_stigmasterol_uff_E=546.07,-9.5,0,0
4CFE_stigmasterol_uff_E=546.07,-9.5,2.628,1.526
4CFE_stigmasterol_uff_E=546.07,-8.8,3.746,1.815
4CFE_stigmasterol_uff_E=546.07,-8.8,8.961,3.513
4CFE_stigmasterol_uff_E=546.07,-8.6,4.663,2.6
4CFE_stigmasterol_uff_E=546.07,-8.3,3.125,2.055
4CFE_stigmasterol_uff_E=546.07,-8.3,103.562,99.379
4CFE_stigmasterol_uff_E=546.07,-8.2,9.483,3.59
4CFE_stigmasterol_uff_E=546.07,-8.2,4.162,1.925
7VSI_Campestrol_uff_E=260.80,-9.6,0,0
7VSI_Campestrol_uff_E=260.80,-7.9,19.802,17.657
7VSI_Campestrol_uff_E=260.80,-7.9,2.164,1.671
7VSI_Campestrol_uff_E=260.80,-7.9,25.847,22.807
7VSI_Campestrol_uff_E=260.80,-7.8,16.067,13.258
7VSI_Campestrol_uff_E=260.80,-7.4,17.44,12.187
7VSI_Campestrol_uff_E=260.80,-7.2,15.976,13.277
7VSI_Campestrol_uff_E=260.80,-7,14.976,9.47
7VSI_Campestrol_uff_E=260.80,-7,17.675,12.363
7VSI_Khellin_uff_E=459.06,-7.2,0,0
7VSI_Khellin_uff_E=459.06,-7,4.39,1.458
7VSI_Khellin_uff_E=459.06,-6.9,4.139,1.177
7VSI_Khellin_uff_E=459.06,-6.4,15.862,13.532
7VSI_Khellin_uff_E=459.06,-6.2,17.387,15.449
7VSI_Khellin_uff_E=459.06,-6.2,18.796,16.907
7VSI_Khellin_uff_E=459.06,-6.1,13.696,11.871
7VSI_Khellin_uff_E=459.06,-6.1,18.119,15.773
7VSI_Khellin_uff_E=459.06,-6.1,17.047,15.523
7VSI_beta-sitosterol_uff_E=590.84,-8.1,0,0
7VSI_beta-sitosterol_uff_E=590.84,-8,3.344,1.455
7VSI_beta-sitosterol_uff_E=590.84,-7.9,4.623,2.516
7VSI_beta-sitosterol_uff_E=590.84,-7.8,8.953,3.146
7VSI_beta-sitosterol_uff_E=590.84,-7.8,8.759,3.095
7VSI_beta-sitosterol_uff_E=590.84,-7.8,34.803,30.572
7VSI_beta-sitosterol_uff_E=590.84,-7.7,24.651,22.331
7VSI_beta-sitosterol_uff_E=590.84,-7.6,34.604,31.566
7VSI_beta-sitosterol_uff_E=590.84,-7.6,3.415,1.83
7VSI_cholesterol_uff_E=547.91,-9.2,0,0
7VSI_cholesterol_uff_E=547.91,-8.9,12.466,10.407
7VSI_cholesterol_uff_E=547.91,-8.6,28.705,26.505
7VSI_cholesterol_uff_E=547.91,-8.6,3.386,1.465
7VSI_cholesterol_uff_E=547.91,-8.6,30.429,28.566
7VSI_cholesterol_uff_E=547.91,-8.2,18.744,14.397
7VSI_cholesterol_uff_E=547.91,-8.2,30.121,25.641
7VSI_cholesterol_uff_E=547.91,-8.2,30.299,26.598
7VSI_cholesterol_uff_E=547.91,-8.1,15.586,11.497
7VSI_deltonin_uff_E=1773.74,-10.2,0,0
7VSI_deltonin_uff_E=1773.74,-10,4.562,2.758
7VSI_deltonin_uff_E=1773.74,-9.9,1.713,1.152
7VSI_deltonin_uff_E=1773.74,-9.8,30.816,25.903
7VSI_deltonin_uff_E=1773.74,-9.8,2.43,1.426
7VSI_deltonin_uff_E=1773.74,-9.5,12.411,6.716
7VSI_deltonin_uff_E=1773.74,-9.1,12.655,6.701
7VSI_deltonin_uff_E=1773.74,-9.1,12.357,6.698
7VSI_deltonin_uff_E=1773.74,-9,12.12,9.397
7VSI_dioscin_uff_E=1958.90,-11,0,0
7VSI_dioscin_uff_E=1958.90,-10.1,35.62,29.04
7VSI_dioscin_uff_E=1958.90,-10,35.42,29.222
7VSI_dioscin_uff_E=1958.90,-9.6,33.269,28.333
7VSI_dioscin_uff_E=1958.90,-9.5,33.322,27.153
7VSI_dioscin_uff_E=1958.90,-9.4,31.241,26.574
7VSI_dioscin_uff_E=1958.90,-9.4,35.781,29.252
7VSI_dioscin_uff_E=1958.90,-9.3,29.842,25.386
7VSI_dioscin_uff_E=1958.90,-9.2,37.062,30.918
7VSI_diosgenin_uff_E=741.60,-10.4,0,0
7VSI_diosgenin_uff_E=741.60,-9.9,4.359,2.758
7VSI_diosgenin_uff_E=741.60,-9.7,9.76,2.259
7VSI_diosgenin_uff_E=741.60,-9.5,2.897,1.964
7VSI_diosgenin_uff_E=741.60,-9.3,26.593,23.187
7VSI_diosgenin_uff_E=741.60,-9.2,9.642,2.369
7VSI_diosgenin_uff_E=741.60,-8.8,35.795,33.864
7VSI_diosgenin_uff_E=741.60,-8.7,9.139,2.431
7VSI_diosgenin_uff_E=741.60,-8.6,8.99,1.668
7VSI_sarsapogenone_uff_E=778.97,-10.8,0,0
7VSI_sarsapogenone_uff_E=778.97,-9.8,24.811,21.673
7VSI_sarsapogenone_uff_E=778.97,-9.5,25.691,21.387
7VSI_sarsapogenone_uff_E=778.97,-9.1,14.617,13.237
7VSI_sarsapogenone_uff_E=778.97,-9.1,16.845,13.188
7VSI_sarsapogenone_uff_E=778.97,-9,23.253,21.536
7VSI_sarsapogenone_uff_E=778.97,-8.9,9.859,8.354
7VSI_sarsapogenone_uff_E=778.97,-8.9,26.015,22.529
7VSI_sarsapogenone_uff_E=778.97,-8.7,29.708,26.383
7VSI_stigmasterol_uff_E=546.07,-8.8,0,0
7VSI_stigmasterol_uff_E=546.07,-8.7,3.94,2.275
7VSI_stigmasterol_uff_E=546.07,-8.5,3.118,1.446
7VSI_stigmasterol_uff_E=546.07,-8.5,10.1,3.296
7VSI_stigmasterol_uff_E=546.07,-8.1,6.023,2.968
7VSI_stigmasterol_uff_E=546.07,-8.1,34.365,31.021
7VSI_stigmasterol_uff_E=546.07,-8,34.553,30.248
7VSI_stigmasterol_uff_E=546.07,-7.9,20.643,16.482
7VSI_stigmasterol_uff_E=546.07,-7.9,12.239,6.046
